id,nome,tema,orgao,descricao_simples,o_que_encontro,para_que_pode_ser_util,periodo,frequencia,formato,url_fonte
01,"Estudantes migrantes matriculados na Rede Municipal de Ensino","Educação","Secretaria Municipal da Educação","Base de dados que fornece registros sobre estudantes migrantes na rede municipal de ensino, com o objetivo de apoiar gestores na criação de políticas públicas e na melhoria dos serviços oferecidos à população.","Diretoria Regional de Educação; distrito onde a escola está localizada; etapa de ensino; turma; quantidade de estudantes matriculados; rede de vinculação da escola; data-base de extração.","Pesquisa e análise de informações sobre estudantes migrantes na Rede Municipal de Ensino.","2016 - atual","anual","XLS; CSV; PDF; ODT","https://dados.prefeitura.sp.gov.br/dataset/educandos-estrangeiros-por-nacionalidade"
02,"Obras - Unidades Educacionais","Educação","Secretaria Municipal da Educação","Base de dados com informações sobre unidades educacionais que passaram por reparos e os respectivos investimentos realizados.","Sigla e nome da Diretoria Regional de Educação (DRE); código de identificação da unidade no sistema EOL; tipo e nome da unidade escolar; subprefeitura onde a escola está localizada; número do processo administrativo; valor inicial da obra; ano de início do processo da obra.","Pesquisa e análise de investimentos e obras realizadas em unidades educacionais, podendo apoiar estudos e políticas públicas.","2013 - atual","anual","XLS; CSV; PDF; ODT","https://dados.prefeitura.sp.gov.br/dataset/obras-unidades-educacionais"
03,"Beneficiários do Programa Bolsa Família matriculados na Rede Municipal de Ensino","Educação","Secretaria Municipal da Educação","Base de dados com informações sobre a distribuição de beneficiários do Programa Bolsa Família na Rede Municipal de Ensino.","Nome da unidade escolar; quantidade de estudantes matriculados em cada nível escolar; data-base.","Pesquisa e análise da distribuição de beneficiários do programa na rede municipal de ensino, podendo apoiar estudos e políticas públicas.","2024 - atual","anual","XLS; CSV; PDF; ODT","https://dados.prefeitura.sp.gov.br/dataset/beneficiarios-do-programa-bolsa-familia-por-etapa-de-ensino-da-rede-municipal-de-educacao"
04,"Áreas Contaminadas no Município de São Paulo","Meio Ambiente","Secretaria do Verde e do Meio Ambiente","Relatório de áreas contaminadas e reabilitadas no Município de São Paulo.","Endereço da área contaminada; classificação da área contaminada; tipo de terreno; CEP; restrição; intervenção.","Pesquisa e análise de informações sobre áreas contaminadas e reabilitadas, podendo apoiar políticas públicas relacionadas ao meio ambiente e ao território.","2026","anual","XLS; CSV","https://dados.prefeitura.sp.gov.br/dataset/areas-contaminadas"
05,"Parques e Unidades de Conservação","Meio Ambiente","Secretaria do Verde e do Meio Ambiente","Conjunto de dados que inclui parques e unidades de conservação do Município de São Paulo, tanto de gestão municipal quanto estadual e federal.","Parques e unidades de conservação; responsável pela gestão.","Pesquisa e análise da distribuição de parques e unidades de conservação no município.","2026","sob demanda","XLS; CSV","https://dados.prefeitura.sp.gov.br/dataset/parques-e-unidades-de-conservacao"
06,"Terra Indígena","Meio Ambiente","Secretaria do Verde e do Meio Ambiente","Camada que apresenta o perímetro das terras indígenas demarcadas no Município de São Paulo a partir de dados ajustados da Fundação Nacional dos Povos Indígenas.","Informações georreferenciadas sobre as terras indígenas.","Pesquisa e análise territorial, podendo apoiar estudos e políticas públicas relacionadas às terras indígenas.","2025 - atual","sob demanda","Metadados; XLS; CSV","https://dados.prefeitura.sp.gov.br/dataset/terra-indigena"
07,"Ciclovias","Transporte","Companhia de Engenharia de Tráfego (CET)","Dados sobre a infraestrutura cicloviária da cidade de São Paulo, incluindo ciclovias, ciclofaixas, calçadas partilhadas, calçadas compartilhadas e ciclorrotas.","Nome da infraestrutura; data de entrega da infraestrutura; extensão dos trechos da infraestrutura.","Pesquisa e análise da infraestrutura cicloviária da cidade de São Paulo.","2026","anual","XLS; CSV","https://dados.prefeitura.sp.gov.br/dataset/ciclovias"
08,"Equipamentos de Segurança Urbana","Segurança Urbana","Secretaria Municipal de Segurança Urbana","Dados sobre a localização de equipamentos de segurança urbana no Município de São Paulo.","Localização das unidades da Guarda Civil Metropolitana; localização das unidades das Juntas de Serviço Militar; localização das unidades da Coordenação Municipal da Defesa Civil (COMDEC).","Pesquisa e análise da distribuição territorial dos equipamentos de segurança urbana, podendo apoiar políticas públicas.","2026","anual","JSON; HTML; XLS; ODT","https://dados.prefeitura.sp.gov.br/dataset/equipamentos-de-seguranca-urbana"
09,"Dados do SP156 - Solicitações","Participação Social","Secretaria Municipal de Inovação e Tecnologia","Relatórios com informações sobre solicitações recebidas pelos canais de atendimento SP156, incluindo Central Telefônica, Portal de Atendimento, Aplicativo Móvel e Chatbot WhatsApp.","Data de abertura; data de finalização; meio de comunicação; tema e assunto; serviço; status da solicitação; órgão responsável.","Pesquisa e análise das solicitações realizadas pela população por meio dos canais de atendimento SP156.","2012 - atual","anual","PDF; TXT","https://dados.prefeitura.sp.gov.br/dataset/dados-do-sp156"
10,"Shoppings Centers no Município de São Paulo","Negócios","Secretaria Municipal de Urbanismo e Licenciamento","Conjunto de dados vetoriais com informações sobre os shopping centers localizados no Município de São Paulo.","Informações e metadados para localização dos shopping centers.","Pesquisa e análise da distribuição territorial de shopping centers no município.","2026","anual","Metadados","https://dados.prefeitura.sp.gov.br/dataset/shoppings-centers-no-municipio-de-sao-paulo"